Entity,Year,Prevalence,Population,GDP,Employment
Australia,1990,18.69276897210991,17065.1,17824.9,45.1
Australia,1991,18.70303666294613,17284.0,18165.3,44.2
Australia,1992,18.70723986594005,17478.6,19136.1,43.6
Australia,1993,18.70673446338289,17634.8,20162.4,44.6
Australia,1994,18.69588489642135,17805.5,21397.6,45.9
Australia,1995,18.68783058053554,18004.9,22405.6,46.1
Australia,1996,18.63209861180565,18224.8,23268.4,45.7
Australia,1997,18.52242275920365,18423.0,24442.2,46.0
Australia,1998,18.40686583321902,18607.6,25671.6,46.3
Australia,1999,18.32781899397739,18812.3,27121.3,47.1
Australia,2000,18.32251720636425,19028.8,28304.6,47.3
Australia,2001,18.44712647157251,19274.7,29561.4,47.4
Australia,2002,18.68995962182585,19495.2,30800.4,48.1
Australia,2003,18.96608915832132,19720.7,32352.9,48.3
Australia,2004,19.20550544142387,19932.7,33962.0,49.4
Australia,2005,19.32192865456372,20176.8,35642.3,50.0
Australia,2006,19.33652367122582,20451.0,37893.9,50.9
Australia,2007,19.33635930963517,20827.6,39658.3,51.3
Australia,2008,19.32798091128679,21249.2,40105.1,50.8
Australia,2009,19.30817917947452,21691.7,41636.6,50.5
Australia,2010,19.29116595095266,22031.8,42810.0,50.8
Australia,2011,19.25274013068823,22340.0,44429.5,51.0
Australia,2012,19.19034628205202,22733.5,43883.5,50.5
Australia,2013,19.11716171078027,23128.1,47761.8,50.0
Australia,2014,19.04866076731275,23475.7,47603.9,50.2
Australia,2015,19.01232760508897,23816.0,47232.6,50.4
Australia,2016,18.97665826149301,24190.9,50150.6,50.7
Australia,2017,18.96159235184795,24601.9,50699.3,51.1
Austria,1995,15.9713587920008,7948.3,23684.7,45.1
Austria,1996,15.94500912905973,7959.0,24553.9,45.2
Austria,1997,15.900503082676378,7968.0,25426.7,45.5
Austria,1998,15.84563001362261,7976.8,26675.1,45.9
Austria,1999,15.79446314018918,7992.3,27606.5,46.5
Austria,2000,15.75734705839133,8011.6,29376.0,46.9
Austria,2001,15.734339981790068,8042.3,29702.8,47.0
Austria,2002,15.7161065753399,8082.0,31178.7,46.8
Austria,2003,15.69919205376498,8121.4,32144.2,46.8
Austria,2004,15.68387169978166,8172.0,33773.8,46.8
Austria,2005,15.67152569682877,8227.8,35013.7,47.1
Austria,2006,15.66054248247848,8268.6,37662.2,47.7
Austria,2007,15.65592114339282,8295.5,39430.6,48.4
Austria,2008,15.65331075627274,8321.5,41316.2,49.1
Austria,2009,15.65627971985263,8343.3,40918.1,48.8
Austria,2010,15.658216114626718,8363.4,42009.4,49.0
Austria,2011,15.67044491733752,8391.6,44452.7,49.6
Austria,2012,15.6875148030548,8430.0,46457.3,49.9
Austria,2013,15.71268920369346,8479.8,47922.0,49.8
Austria,2014,15.731147891559468,8546.4,48799.7,49.8
Austria,2015,15.744869355640231,8642.7,49865.9,49.6
Austria,2016,15.766658364190253,8736.7,52684.0,49.7
Austria,2017,15.78937209057142,8797.6,54173.0,50.2
Austria,2018,15.80062018119572,8840.5,56960.1,50.8
Austria,2019,15.81647796167553,8879.9,58076.3,51.1
Belgium,1995,14.69984954344416,10136.8,22434.7,38.2
Belgium,1996,14.69374310636394,10156.6,22738.4,38.2
Belgium,1997,14.67698736921339,10181.2,23732.3,38.4
Belgium,1998,14.65833283701706,10203.0,24368.9,38.9
Belgium,1999,14.650776926382589,10226.4,25440.9,39.4
Belgium,2000,14.66264775066202,10251.3,27784.5,40.1
Belgium,2001,14.68543563832968,10286.6,28788.1,40.5
Belgium,2002,14.71449524715888,10332.8,30282.3,40.4
Belgium,2003,14.739855678870988,10376.1,30932.8,40.2
Belgium,2004,14.76735320743968,10421.1,32063.1,40.4
Belgium,2005,14.79375106378485,10478.6,33177.9,40.8
Belgium,2006,14.831216497507372,10548.0,35259.2,41.0
Belgium,2007,14.88531960054598,10625.7,36791.2,41.3
Belgium,2008,14.942290740448971,10710.0,37883.3,41.8
Belgium,2009,14.990877372341572,10796.5,37749.5,41.3
Belgium,2010,15.01577647646108,10895.6,39840.1,41.2
Belgium,2011,15.023500908353702,11038.3,40942.4,41.2
Belgium,2012,15.0218927405984,11106.9,42290.8,41.2
Belgium,2013,15.0204902966791,11159.4,43671.1,40.9
Belgium,2014,15.01876277226841,11209.1,44929.7,40.8
Belgium,2015,15.01568911774433,11274.2,46200.9,41.0
Belgium,2016,15.00787237125864,11331.4,48597.4,41.3
Belgium,2017,15.00137868542655,11375.2,50442.3,41.7
Belgium,2018,14.98676208847509,11427.1,52535.2,42.2
Belgium,2019,14.964608019943071,11489.0,54278.4,42.6
Canada,1997,14.46184684645342,29905.9,25258.9,46.9
Canada,1998,14.19367124363234,30155.2,26319.7,47.6
Canada,1999,13.9675130033215,30401.3,27841.4,48.4
Canada,2000,13.8663924990748,30685.7,29362.1,49.1
Canada,2001,13.85323065080484,31020.9,30230.8,49.0
Canada,2002,13.83437112519183,31360.1,30963.1,49.7
Canada,2003,13.80795921946642,31644.0,32349.9,50.3
Canada,2004,13.78329399805073,31940.7,33925.7,50.7
Canada,2005,13.759704292869,32243.8,36327.2,50.9
Canada,2006,13.84030747828609,32571.2,38119.4,51.2
Canada,2007,14.07141734643598,32889.0,39575.3,51.8
Canada,2008,14.35639863088112,33247.1,40376.3,52.0
Canada,2009,14.60202366977772,33628.9,38865.4,50.5
Canada,2010,14.71620589543865,34004.9,40099.4,50.9
Canada,2011,14.75120910880486,34339.3,41666.7,51.2
Canada,2012,14.80822609187653,34714.2,42291.0,51.2
Canada,2013,14.87444703138044,35083.0,44298.6,51.3
Canada,2014,14.93005541491442,35437.4,45753.8,51.1
Canada,2015,14.95642437327214,35702.9,44670.1,51.1
Canada,2016,14.95352105662239,36109.5,46472.3,51.1
Canada,2017,14.95610293601228,36545.2,48317.2,51.5
Canada,2018,14.95313317879026,37065.1,49992.8,51.4
Canada,2019,14.95356296501985,37601.2,49299.2,51.7
Chile,2010,15.44653747338498,17063.9,18160.3,41.8
Chile,2011,15.4403957832664,17254.2,20318.3,43.4
Chile,2012,15.41840602204852,17443.5,21454.5,43.7
Chile,2013,15.393165395017942,17611.9,22387.8,44.2
Chile,2014,15.36739203731108,17787.6,22749.9,44.4
Chile,2015,15.355107027864127,17971.4,22695.9,44.7
Chile,2016,15.34714563671033,18167.1,23491.7,44.7
Chile,2017,15.3323504381229,18419.2,24538.8,44.9
Chile,2018,15.28861147629031,18751.4,25683.6,44.7
Chile,2019,15.202829708389787,19107.2,25189.2,44.5
Colombia,2015,11.34494251597796,48203.4,12947.6,45.7
Colombia,2016,11.66759383087869,48747.7,13649.8,45.5
Colombia,2017,11.99675794670596,49291.6,14061.6,45.4
Colombia,2018,12.02654514623203,49834.2,14991.8,45.1
Colombia,2019,12.04643042516959,50374.5,15662.2,44.2
Costa Rica,1990,12.54905845902048,3029.3,5232.5,34.1
Costa Rica,1991,12.54872765851418,3101.5,5553.9,33.2
Costa Rica,1992,12.55055832119286,3170.5,6070.0,33.8
Costa Rica,1993,12.55538685381858,3239.9,6515.9,35.0
Costa Rica,1994,12.55942089731867,3334.2,6759.6,35.6
Costa Rica,1995,12.567875733318502,3428.3,6991.9,35.7
Costa Rica,1996,12.58064793244953,3520.9,7015.1,34.5
Costa Rica,1997,12.596181993068509,3611.2,7343.3,36.3
Costa Rica,1998,12.61543547504358,3699.9,7751.9,37.7
Costa Rica,1999,12.6390743132967,3786.8,7980.5,37.3
Costa Rica,2000,12.655934629254707,3872.3,8285.6,37.3
Costa Rica,2001,12.676339429051,3953.4,8580.3,38.6
Costa Rica,2002,12.7031372037353,4022.4,8853.1,38.5
Costa Rica,2003,12.73246926285182,4086.4,9253.4,39.1
Costa Rica,2004,12.75482578557935,4151.8,9758.4,38.9
Costa Rica,2005,12.77262991144735,4215.2,10296.9,40.9
Costa Rica,2006,12.78589145609224,4278.7,11211.7,41.4
Costa Rica,2007,12.805452579171453,4340.4,12279.4,43.1
Costa Rica,2008,12.82676866756404,4404.1,12922.5,43.0
Costa Rica,2009,12.84626497527669,4469.3,12704.3,41.6
Costa Rica,2010,12.8612201455996,4533.9,13355.7,40.5
Costa Rica,2011,12.88061831784828,4592.1,14060.5,39.2
Costa Rica,2012,12.90857714023913,4652.5,14846.7,42.0
Costa Rica,2013,12.93947860984539,4713.2,15533.1,42.0
Costa Rica,2014,12.96701026088162,4773.1,16607.4,42.3
Costa Rica,2015,12.9834350207279,4832.2,17639.9,41.5
Costa Rica,2016,12.998771171243858,4890.4,19109.9,39.9
Costa Rica,2017,13.00157568131658,4947.5,20357.2,40.6
Costa Rica,2018,13.005540891382438,5003.4,21302.2,41.6
Costa Rica,2019,13.009186307377298,5058.0,22585.7,42.2
Czechia,1995,11.59461236969489,10327.3,13852.1,49.4
Czechia,1996,11.57564641830302,10315.2,14685.7,49.8
Czechia,1997,11.542356069296709,10304.1,14824.7,49.5
Czechia,1998,11.49874637496843,10294.4,14977.7,48.6
Czechia,1999,11.458478541015127,10283.9,15396.3,47.6
Czechia,2000,11.42508280680465,10255.1,16235.5,47.4
Czechia,2001,11.4027807907147,10216.6,17621.1,47.4
Czechia,2002,11.381499803851671,10196.9,18252.6,47.8
Czechia,2003,11.36467261204392,10194.0,19538.1,47.5
Czechia,2004,11.343920386832307,10197.1,20932.1,47.4
Czechia,2005,11.3278981003581,10211.2,22095.4,48.2
Czechia,2006,11.308373992512449,10238.9,23923.7,48.7
Czechia,2007,11.28747118478688,10298.8,26282.4,49.5
Czechia,2008,11.26547401557089,10384.6,27974.5,50.1
Czechia,2009,11.24742464181322,10443.9,27761.5,48.9
Czechia,2010,11.23534919648173,10474.4,27882.0,48.3
Czechia,2011,11.2231707409877,10496.1,29001.4,48.1
Czechia,2012,11.21058305001986,10510.8,29254.7,48.2
Czechia,2013,11.19689863850117,10514.3,30818.1,48.3
Czechia,2014,11.18571550783872,10525.3,32502.5,48.5
Czechia,2015,11.17610817893399,10546.1,33899.3,49.1
Czechia,2016,11.16503229198212,10566.3,36097.7,49.8
Czechia,2017,11.151733699014809,10594.4,38824.9,50.5
Czechia,2018,11.14384072981683,10629.9,41135.5,51.0
Czechia,2019,11.1397787524548,10671.9,42847.0,50.9
Denmark,1990,14.8448850851467,5140.9,18233.9,51.2
Denmark,1991,14.81659472920558,5154.3,19063.7,50.6
Denmark,1992,14.78154623095284,5171.4,19814.1,50.0
Denmark,1993,14.74552835905972,5188.6,20218.5,49.0
Denmark,1994,14.70331868878992,5206.2,21678.1,49.9
Denmark,1995,14.6626067151217,5233.4,22684.3,49.9
Denmark,1996,14.60872849441154,5263.1,23734.8,50.1
Denmark,1997,14.53417976658121,5285.0,24928.4,50.6
Denmark,1998,14.45593317342009,5304.2,25814.1,51.1
Denmark,1999,14.37482700073825,5321.8,26653.8,51.4
Denmark,2000,14.314777299665622,5339.6,28658.1,51.6
Denmark,2001,14.265963151604192,5358.8,29437.3,51.9
Denmark,2002,14.22034762087615,5375.9,30640.3,51.8
Denmark,2003,14.174585318706573,5390.6,30820.4,51.2
Denmark,2004,14.13772139524512,5404.5,32938.7,50.8
Denmark,2005,14.10941177138004,5419.4,34150.2,51.4
Denmark,2006,14.09830564106119,5437.3,37334.4,52.3
Denmark,2007,14.10810918968427,5461.4,39006.2,53.3
Denmark,2008,14.128454025909228,5493.6,41278.3,53.6
Denmark,2009,14.15268803111179,5523.1,40331.4,51.7
Denmark,2010,14.16180242143559,5547.7,43003.1,50.3
Denmark,2011,14.16892005994672,5570.6,44403.4,50.0
Denmark,2012,14.17976695867678,5591.6,44804.0,49.5
Denmark,2013,14.19524456309234,5614.9,46726.9,49.3
Denmark,2014,14.20964244862101,5643.5,47901.4,49.5
Denmark,2015,14.215689379142022,5683.5,49045.3,49.8
Denmark,2016,14.20625575626099,5728.0,51976.0,50.2
Denmark,2017,14.19404274768067,5765.0,55356.7,50.7
Denmark,2018,14.16134555620892,5793.6,57483.0,51.1
Denmark,2019,14.09613885123937,5814.4,58701.0,51.6
Estonia,1995,13.181730275581192,1436.6,6477.1,44.7
Estonia,1996,13.183354011814467,1415.6,6889.9,44.1
Estonia,1997,13.18967592819802,1399.5,7979.4,44.0
Estonia,1998,13.19570416747154,1386.2,8449.9,43.5
Estonia,1999,13.18849751105553,1390.2,8412.2,42.5
Estonia,2000,13.17087578854978,1397.0,9421.8,41.9
Estonia,2001,13.120828086661987,1388.1,10314.2,42.3
Estonia,2002,13.03229867597257,1379.4,11663.9,43.0
Estonia,2003,12.9274835192814,1370.7,13131.9,43.5
Estonia,2004,12.820458214889069,1362.6,14535.7,44.3
Estonia,2005,12.72805036068402,1354.8,16634.5,45.6
Estonia,2006,12.65284553897654,1346.8,19345.3,47.0
Estonia,2007,12.57566202339272,1340.7,22195.2,47.9
Estonia,2008,12.50335929546928,1337.1,22802.3,46.4
Estonia,2009,12.43738731854909,1334.5,20477.9,44.1
Estonia,2010,12.38816188176118,1331.5,21619.5,42.8
Estonia,2011,12.34377398477802,1327.4,24557.2,43.3
Estonia,2012,12.30301386218092,1322.7,25996.0,44.8
Estonia,2013,12.26713000758942,1318.0,27464.5,45.5
Estonia,2014,12.23710892160669,1314.5,28945.5,46.4
Estonia,2015,12.21549156593201,1315.4,29175.9,47.0
Estonia,2016,12.19832224836608,1315.8,31312.8,47.9
Estonia,2017,12.18195394646984,1317.4,33821.9,48.5
Estonia,2018,12.18310333718865,1322.0,36249.4,49.1
Estonia,2019,12.194628755419613,1326.9,37850.1,48.8
Finland,1990,16.27654464817957,4986.4,18136.4,49.5
Finland,1991,16.00997742257127,5013.7,17549.9,46.5
Finland,1992,15.775214310863287,5042.0,17261.2,43.2
Finland,1993,15.58033699479828,5066.4,17468.7,40.5
Finland,1994,15.436730130801598,5088.3,18469.0,39.6
Finland,1995,15.35395365677201,5107.8,19576.6,40.3
Finland,1996,15.32599184189091,5124.6,20082.3,40.9
Finland,1997,15.32300553396648,5139.8,21794.5,42.1
Finland,1998,15.33613558642238,5153.5,23576.9,42.8
Finland,1999,15.34546067194733,5165.5,24767.3,43.6
Finland,2000,15.34172306980135,5176.2,26784.7,44.4
Finland,2001,15.2858463799926,5188.0,27795.7,45.0
Finland,2002,15.178661486090538,5200.6,28605.1,45.5
Finland,2003,15.05245185762214,5213.0,29051.5,45.5
Finland,2004,14.94440667556311,5228.2,31201.7,45.6
Finland,2005,14.89395493760283,5246.1,32051.8,46.1
Finland,2006,14.93096733354701,5266.3,34455.1,46.8
Finland,2007,15.026315111420413,5288.7,37838.3,47.6
Finland,2008,15.14636078766257,5313.4,40083.7,48.5
Finland,2009,15.24527141793604,5338.9,37972.3,47.0
Finland,2010,15.28034795423731,5363.4,38956.5,46.5
Finland,2011,15.24587686965402,5388.3,40916.8,47.0
Finland,2012,15.17467291180199,5414.0,40873.1,47.2
Finland,2013,15.0897458327628,5439.0,41493.1,46.6
Finland,2014,15.01872918259716,5461.5,41757.4,46.2
Finland,2015,14.98095161480428,5479.5,42497.7,46.1
Finland,2016,14.928202210838329,5495.3,44934.4,46.1
Finland,2017,14.8764639194901,5508.2,47570.1,46.5
Finland,2018,14.904112599027531,5515.5,49580.6,47.6
Finland,2019,14.96401730443336,5521.6,50321.5,48.4
France,1990,16.977795604247937,58171.4,17661.6,41.7
France,1991,16.91298261782341,58459.1,18359.4,41.6
France,1992,16.864251728070258,58745.4,18985.2,41.1
France,1993,16.83376069693985,58995.1,19231.3,40.5
France,1994,16.81642634247757,59209.7,20032.3,40.6
France,1995,16.81187977073554,59418.7,20809.8,40.9
France,1996,16.85213563626286,59624.3,21399.0,41.0
France,1997,16.94647330275424,59830.6,22293.6,41.2
France,1998,17.06222884408793,60046.7,23413.7,41.8
France,1999,17.16328802730095,60351.8,24365.9,42.6
France,2000,17.2151967515317,60762.2,26155.2,43.3
France,2001,17.22574136960731,61201.7,27560.0,43.7
France,2002,17.21666437806283,61644.1,28598.5,43.6
France,2003,17.19453666998086,62078.2,28248.4,43.3
France,2004,17.17470848559739,62532.6,29140.5,43.0
France,2005,17.15750149388133,63001.3,30584.8,43.0
France,2006,17.11103649842051,63437.4,32562.7,43.2
France,2007,17.02408199213527,63826.1,34223.0,43.6
France,2008,16.923180413032902,64178.7,35202.6,43.5
France,2009,16.834417464544043,64504.5,34786.9,42.8
France,2010,16.78829287646037,64818.8,36018.5,42.7
France,2011,16.76626045401662,65127.9,37564.2,42.8
France,2012,16.72828235609786,65438.7,37806.5,42.7
France,2013,16.68764502823954,65771.3,39660.5,42.6
France,2014,16.65298207364988,66312.1,40144.0,42.6
France,2015,16.63925573860026,66548.3,40850.0,42.5
France,2016,16.6408325589408,66724.1,42924.6,42.7
France,2017,16.64263703714861,66918.0,44577.1,43.1
France,2018,16.63718330754719,67158.3,46537.5,43.3
France,2019,16.63237223880752,67388.0,48971.1,43.7
Germany,1995,14.51826866333242,81678.1,23552.3,46.6
Germany,1996,14.52514839265876,81914.8,24071.9,46.5
Germany,1997,14.54918242623086,82034.8,24572.7,46.4
Germany,1998,14.57353597162922,82047.2,25345.1,46.9
Germany,1999,14.59357172187816,82100.2,26291.2,47.6
Germany,2000,14.601952168888449,82211.5,27199.0,48.6
Germany,2001,14.63212843183392,82349.9,28368.5,48.4
Germany,2002,14.7045664281976,82488.5,29178.6,48.1
Germany,2003,14.78830604247641,82534.2,29908.1,47.5
Germany,2004,14.86430996672287,82516.3,31333.8,47.7
Germany,2005,14.898833711205553,82469.4,31794.1,47.7
Germany,2006,14.93020922843274,82376.5,34160.3,48.1
Germany,2007,14.994970229770011,82266.4,36287.5,49.0
Germany,2008,15.07612921094402,82110.1,37802.4,49.7
Germany,2009,15.13942204244852,81902.3,36815.8,49.9
Germany,2010,15.1759468511686,81776.9,38952.7,50.2
Germany,2011,15.18341557175352,80275.0,42541.5,51.8
Germany,2012,15.20331861442762,80425.8,43359.6,52.2
Germany,2013,15.21521164312244,80645.6,44993.9,52.5
Germany,2014,15.22465035430951,80982.5,47011.6,52.8
Germany,2015,15.22788799484557,81686.6,47609.8,52.8
Germany,2016,15.17141716699681,82348.7,50579.7,53.0
Germany,2017,15.10134299303032,82657.0,53071.5,53.5
Germany,2018,15.058288605816289,82905.8,55235.4,54.1
Germany,2019,15.00078995899444,83093.0,55652.9,54.5
Greece,1995,16.63818441391271,10562.2,15424.5,39.4
Greece,1996,16.754557669115968,10608.8,16145.5,39.0
Greece,1997,17.00451646845264,10661.3,17155.9,38.6
Greece,1998,17.298842107290042,10720.5,18033.9,40.1
Greece,1999,17.54599959789083,10761.7,18464.8,39.9
Greece,2000,17.64643128003989,10805.8,19516.2,39.9
Greece,2001,17.614474998985568,10862.1,20954.8,39.8
Greece,2002,17.52669038045088,10902.0,22616.0,40.7
Greece,2003,17.43047115472945,10928.1,23896.6,41.1
Greece,2004,17.35410096371301,10955.1,25460.5,42.0
Greece,2005,17.33361997929934,10987.3,25577.5,42.3
Greece,2006,17.35747883227834,11020.4,28549.2,42.9
Greece,2007,17.3843201457278,11048.5,29320.3,43.4
Greece,2008,17.41331993792449,11077.8,30856.0,43.8
Greece,2009,17.443550542780038,11107.0,30359.1,43.5
Greece,2010,17.46791043457181,11121.3,27913.1,42.3
Greece,2011,17.42682551408068,11104.9,25671.5,40.6
Greece,2012,17.30544586579987,11045.0,24911.1,39.2
Greece,2013,17.15608036822755,10965.2,25986.7,39.2
Greece,2014,17.02908577281518,10892.4,26625.1,40.9
Greece,2015,16.98736326893342,10820.9,26760.4,39.9
Greece,2016,17.02780597759338,10776.0,27511.8,41.5
Greece,2017,17.085862021256983,10754.7,28604.9,41.3
Greece,2018,17.09373600088816,10732.9,29617.5,43.3
Greece,2019,17.04689208034167,10721.6,30356.3,43.8
Hungary,1995,11.81983416303876,10329.0,9187.4,38.2
Hungary,1996,11.7916087750643,10311.2,9349.7,38.2
Hungary,1997,11.74470578118332,10290.5,9824.8,38.6
Hungary,1998,11.68751876483733,10266.6,10398.1,39.1
Hungary,1999,11.63605083566366,10237.5,10873.2,40.0
Hungary,2000,11.59679859099204,10211.0,11853.2,40.3
Hungary,2001,11.5668987309233,10187.6,13207.9,40.5
Hungary,2002,11.53798980665845,10158.6,14526.4,40.5
Hungary,2003,11.50785468116831,10129.6,15481.3,41.4
Hungary,2004,11.48219512990107,10107.1,16272.0,41.1
Hungary,2005,11.45746174537343,10087.1,17112.2,40.9
Hungary,2006,11.43964623212209,10071.4,18389.4,41.3
Hungary,2007,11.42865787739725,10055.8,19099.9,41.0
Hungary,2008,11.42179762403256,10038.2,20727.9,40.4
Hungary,2009,11.4135432954832,10022.7,20729.8,39.7
Hungary,2010,11.40078474663211,10000.0,21751.8,39.5
Hungary,2011,11.38752547807907,9971.7,23038.8,39.6
Hungary,2012,11.37336301277071,9920.4,23275.2,40.2
Hungary,2013,11.36294084621626,9893.1,24556.7,40.8
Hungary,2014,11.35357930126486,9866.5,25699.8,42.8
Hungary,2015,11.34404250677502,9843.0,26806.6,43.8
Hungary,2016,11.34174824200008,9814.0,27947.6,45.6
Hungary,2017,11.33784429027102,9788.0,29501.1,46.6
Hungary,2018,11.32894597855191,9775.6,31913.1,47.7
Hungary,2019,11.31090785165621,9771.1,33514.9,48.3
Iceland,2008,14.4735648081467,317.4,43728.1,56.5
Iceland,2009,14.46104564742189,318.5,41864.2,51.7
Iceland,2010,14.46289673472562,318.0,39775.3,51.1
Iceland,2011,14.48070519585913,319.0,40936.9,51.5
Iceland,2012,14.51143174672972,320.7,42004.4,52.2
Iceland,2013,14.540102763627468,323.8,44409.7,52.9
Iceland,2014,14.56564293241717,327.4,45997.0,53.6
Iceland,2015,14.58237229964793,330.8,49201.1,54.6
Iceland,2016,14.57946280504448,335.4,53480.4,56.3
Iceland,2017,14.57312491280981,343.4,55638.5,57.3
Iceland,2018,14.58182391676931,352.7,57211.3,57.4
Iceland,2019,14.60112474364376,360.6,58290.1,56.1
Ireland,1995,17.18657736982933,3608.8,18934.4,36.8
Ireland,1996,17.16722632891004,3637.5,20475.6,37.8
Ireland,1997,17.1135606824833,3674.2,22636.4,38.9
Ireland,1998,17.045910671846528,3712.7,25092.6,41.1
Ireland,1999,16.98597533571153,3754.8,27041.5,43.2
Ireland,2000,16.95848974424952,3805.2,30205.6,44.6
Ireland,2001,16.95475355793448,3866.2,32567.2,45.2
Ireland,2002,16.95180831351927,3931.9,35222.1,45.2
Ireland,2003,16.94542769881426,3996.5,36283.2,45.3
Ireland,2004,16.94575713270866,4070.3,38733.4,46.0
Ireland,2005,16.95384221530425,4159.9,40466.3,47.2
Ireland,2006,17.03822555540027,4274.1,44226.7,48.0
Ireland,2007,17.23641596291909,4398.9,46773.5,48.7
Ireland,2008,17.46601863832189,4489.5,44169.1,47.4
Ireland,2009,17.66448346705595,4535.4,41471.1,43.3
Ireland,2010,17.75254509385189,4560.2,43203.1,41.4
Ireland,2011,17.76053907559766,4580.1,45080.2,40.4
Ireland,2012,17.74447755289648,4599.5,46361.5,40.0
Ireland,2013,17.72000732312193,4623.8,47830.6,41.0
Ireland,2014,17.70379116464728,4657.7,51098.3,41.9
Ireland,2015,17.70177041090137,4702.0,69028.8,42.9
Ireland,2016,17.7979710270164,4755.3,71498.6,43.9
Ireland,2017,17.88389694781244,4807.4,77749.2,44.7
Ireland,2018,17.801417688336958,4867.3,84555.6,45.5
Ireland,2019,17.60945354268606,4934.3,87379.7,46.1
Israel,1995,14.982488749752353,5544.9,19759.2,41.5
Israel,1996,14.93336538472293,5685.1,20807.4,42.1
Israel,1997,14.815704485662,5828.9,21454.1,42.1
Israel,1998,14.66753207688166,5970.7,22069.4,42.2
Israel,1999,14.53937066228982,6125.3,22594.4,42.5
Israel,2000,14.47844392005703,6289.2,24950.4,43.0
Israel,2001,14.46480119591359,6439.0,24944.6,42.5
Israel,2002,14.433575525421,6570.0,25230.0,41.9
Israel,2003,14.40677175148028,6689.7,23845.3,41.7
Israel,2004,14.378865654389749,6809.0,25238.9,41.5
Israel,2005,14.36155210063638,6930.1,24853.7,42.2
Israel,2006,14.41463740317104,7053.7,25700.9,42.6
Israel,2007,14.55079994620628,7180.1,27513.1,43.6
Israel,2008,14.70932585834303,7308.8,27510.1,44.4
Israel,2009,14.83574105291578,7485.6,27462.0,44.2
Israel,2010,14.87465643467293,7623.6,28840.2,44.7
Israel,2011,14.82415249312376,7765.8,30636.2,45.1
Israel,2012,14.72406989219042,7910.5,31846.3,46.1
Israel,2013,14.61597212517652,8059.5,34324.6,46.4
Israel,2014,14.52241651026136,8215.7,34366.3,46.8
Israel,2015,14.46972007345221,8380.1,35469.7,46.9
Israel,2016,14.46565072601111,8546.0,37843.2,47.1
Israel,2017,14.470370253573432,8713.3,39121.4,47.3
Israel,2018,14.4722576389101,8882.8,39906.3,47.2
Israel,2019,14.48335929831232,9054.0,40004.0,47.1
Italy,1995,14.92088196072426,56844.3,22382.9,38.5
Italy,1996,14.85439403064433,56860.3,23052.6,38.8
Italy,1997,14.7882997000652,56890.4,23875.8,38.9
Italy,1998,14.72696884781903,56906.7,25021.1,39.3
Italy,1999,14.68228047549106,56916.3,25602.4,39.7
Italy,2000,14.66215548128502,56942.1,27072.4,40.4
Italy,2001,14.66209562875403,56974.1,28033.7,41.2
Italy,2002,14.67193860634532,57059.0,28736.6,41.8
Italy,2003,14.68248055230913,57313.2,29196.9,42.3
Italy,2004,14.68673435478755,57685.3,29554.7,42.3
Italy,2005,14.67710425399694,57969.5,30130.6,42.3
Italy,2006,14.682742254147229,58144.0,32453.6,43.0
Italy,2007,14.72859686554514,58438.3,34141.2,43.3
Italy,2008,14.79164110521447,58826.7,35523.3,43.1
Italy,2009,14.855923146976268,59095.4,34602.9,42.2
Italy,2010,14.90113319709278,59277.4,35158.4,41.8
Italy,2011,14.94029457895011,59379.4,36598.0,41.8
Italy,2012,14.995987799909049,59539.7,36486.3,41.6
Italy,2013,15.053235060491192,60233.9,36314.7,40.4
Italy,2014,15.098320463022771,60789.1,36194.9,40.1
Italy,2015,15.12036922297428,60730.6,36899.4,40.4
Italy,2016,15.06866019991359,60627.5,39927.0,41.0
Italy,2017,15.01275418311624,60536.7,41581.1,41.5
Italy,2018,15.01531246266366,60421.8,43036.2,42.0
Italy,2019,15.033929012786352,59729.1,44376.2,42.7
Japan,1994,10.66886598215468,125265.0,22807.6,53.5
Japan,1995,10.67040851589845,125570.2,23840.4,53.5
Japan,1996,10.69117009344977,125864.0,24979.3,53.5
Japan,1997,10.73735007948861,126166.0,25597.9,53.7
Japan,1998,10.7946665078798,126486.0,25492.6,53.0
Japan,1999,10.85042895445588,126686.0,25724.8,52.2
Japan,2000,10.88966338191017,126925.8,27269.5,51.7
Japan,2001,10.92085186232737,127291.0,27911.2,51.4
Japan,2002,10.95699059798658,127435.0,28625.8,50.7
Japan,2003,10.99219263307004,127619.0,29415.0,50.7
Japan,2004,11.01920068569735,127687.0,30848.5,50.9
Japan,2005,11.032844031489027,127768.0,32171.1,51.3
Japan,2006,11.009878898701771,127900.5,33622.4,51.6
Japan,2007,10.94667113181298,128032.7,35007.3,51.9
Japan,2008,10.86665483984139,128084.0,35268.0,51.8
Japan,2009,10.7934419803376,128031.5,33551.3,51.3
Japan,2010,10.74919115816082,128057.4,35338.9,51.2
Japan,2011,10.72456201951046,127834.2,36214.1,51.1
Japan,2012,10.69725844494188,127592.7,37616.7,50.9
Japan,2013,10.67108925441435,127413.9,39411.6,51.1
Japan,2014,10.65019749610303,127237.2,39567.5,51.4
Japan,2015,10.63761004793776,127094.7,40913.7,51.6
Japan,2016,10.63112079100462,126932.8,40642.8,52.1
Japan,2017,10.62721248171778,126706.2,41531.2,52.7
Japan,2018,10.60942316213795,126443.2,42239.0,53.8
Japan,2019,10.5753039422184,126166.9,42438.7,54.4
Latvia,1995,13.238981322574562,2485.1,5514.2,37.4
Latvia,1996,13.2280048765662,2457.2,5807.1,38.1
Latvia,1997,13.21118324380062,2432.9,6487.5,40.2
Latvia,1998,13.19482511875524,2410.0,7068.6,40.4
Latvia,1999,13.176038566913078,2390.5,7406.3,40.0
Latvia,2000,13.16355379924665,2367.6,8038.9,39.0
Latvia,2001,13.13752015281732,2337.2,9044.6,40.2
Latvia,2002,13.08674172793372,2310.2,10080.8,41.2
Latvia,2003,13.020471083122551,2288.0,11061.2,41.9
Latvia,2004,12.95504450917939,2263.1,12278.9,42.4
Latvia,2005,12.90333739335148,2238.8,13913.5,43.3
Latvia,2006,12.85785784151513,2218.4,15859.3,46.2
Latvia,2007,12.80021111434266,2200.3,18236.6,48.4
Latvia,2008,12.74459379081992,2177.3,19573.2,48.5
Latvia,2009,12.699827722634598,2141.7,17023.8,42.2
Latvia,2010,12.67339372325523,2097.6,17706.9,40.2
Latvia,2011,12.65927874712853,2059.7,19248.4,41.6
Latvia,2012,12.6497224604813,2034.3,21290.5,42.7
Latvia,2013,12.64753732239689,2012.6,22639.1,44.2
Latvia,2014,12.64256457053961,1993.8,23815.8,44.0
Latvia,2015,12.63543241854769,1977.5,24972.8,45.0
Latvia,2016,12.63055673374159,1959.5,26721.7,45.2
Latvia,2017,12.621278955171991,1942.2,28673.6,45.6
Latvia,2018,12.61628934240562,1927.2,30877.0,46.6
Latvia,2019,12.61688961073591,1913.8,31883.3,46.9
Lithuania,1995,13.59450591606474,3629.1,5927.4,40.9
Lithuania,1996,13.62495991516814,3601.6,6383.7,41.6
Lithuania,1997,13.685561331138327,3575.1,7069.3,42.1
Lithuania,1998,13.74919830783749,3549.3,7762.5,42.1
Lithuania,1999,13.798939796390847,3524.2,7821.0,41.5
Lithuania,2000,13.82112153734561,3499.5,8445.6,40.0
Lithuania,2001,13.80132413549168,3470.8,9436.0,38.8
Lithuania,2002,13.748893442517147,3443.1,10480.5,40.5
Lithuania,2003,13.6854717611995,3415.2,12067.7,41.8
Lithuania,2004,13.62004757875734,3377.1,13030.6,41.8
Lithuania,2005,13.57399703866396,3322.5,14510.6,42.8
Lithuania,2006,13.535587371549571,3269.9,16483.7,43.3
Lithuania,2007,13.49517004893438,3231.3,19094.5,44.8
Lithuania,2008,13.45693453143291,3198.2,20721.0,44.6
Lithuania,2009,13.420949265595253,3162.9,18116.7,41.7
Lithuania,2010,13.39854865607675,3097.3,20096.9,40.3
Lithuania,2011,13.36977977542566,3028.1,22884.7,41.4
Lithuania,2012,13.32823948000787,2987.8,24703.6,42.8
Lithuania,2013,13.28594758524092,2957.7,26721.9,43.8
Lithuania,2014,13.25579004637018,2932.4,28184.2,45.1
Lithuania,2015,13.24467955005954,2904.9,28834.7,46.2
Lithuania,2016,13.270174667954027,2868.2,30925.3,47.8
Lithuania,2017,13.29159877292134,2828.4,33761.6,48.2
Lithuania,2018,13.27272191717626,2801.5,36376.3,49.3
Lithuania,2019,13.24890355494,2794.1,38540.8,49.7
Luxembourg,1995,15.369802134626967,408.6,38324.2,53.1
Luxembourg,1996,15.35866178064165,414.2,39710.0,53.7
Luxembourg,1997,15.345573308447449,419.5,42485.1,54.8
Luxembourg,1998,15.33600517319836,424.7,44267.4,56.5
Luxembourg,1999,15.31910872744035,430.5,49845.3,58.3
Luxembourg,2000,15.29637321302722,436.3,55117.2,60.5
Luxembourg,2001,15.26744826877397,441.5,56125.5,63.2
Luxembourg,2002,15.233500505199348,446.2,58575.5,64.3
Luxembourg,2003,15.197373570512571,451.6,60195.9,64.8
Luxembourg,2004,15.15978264411297,458.1,64691.7,65.3
Luxembourg,2005,15.12797253333858,465.2,68787.9,66.1
Luxembourg,2006,15.095534467076671,472.6,78878.5,67.6
Luxembourg,2007,15.05043078523622,480.0,85109.9,69.4
Luxembourg,2008,15.00449511856189,488.7,90970.7,71.4
Luxembourg,2009,14.96363205398756,497.8,86875.9,70.8
Luxembourg,2010,14.943578028813809,507.0,90361.8,70.8
Luxembourg,2011,14.938750052765853,518.3,94475.0,71.3
Luxembourg,2012,14.934133846650042,530.9,96636.4,71.3
Luxembourg,2013,14.929742352411878,543.4,100925.0,71.0
Luxembourg,2014,14.926789985883271,556.3,105296.3,71.0
Luxembourg,2015,14.92727743524605,569.6,107859.7,71.1
Luxembourg,2016,14.911047479747491,583.5,113084.6,71.6
Luxembourg,2017,14.897697394973012,596.3,114985.8,72.5
Luxembourg,2018,14.89859917121857,608.0,116965.6,73.7
Luxembourg,2019,14.90676863184495,620.0,117341.9,74.8
Mexico,1993,11.029240148539,88850.9,8536.8,30.8
Mexico,1994,11.052845856823849,90362.7,8996.9,30.7
Mexico,1995,11.07308607080575,91843.9,8468.8,28.9
Mexico,1996,11.12456765690036,93294.8,9064.8,30.0
Mexico,1997,11.22207311846099,94720.5,9704.2,30.9
Mexico,1998,11.34296931405807,96117.0,10170.2,31.9
Mexico,1999,11.46515264238242,97482.6,10449.1,32.2
Mexico,2000,11.56369771016012,98785.3,11102.4,32.8
Mexico,2001,11.64695691483267,100105.3,11157.5,32.0
Mexico,2002,11.734552973374493,101494.0,11208.5,31.1
Mexico,2003,11.81952758630842,102890.5,11509.6,30.6
Mexico,2004,11.89145900842422,104272.4,12119.1,31.1
Mexico,2005,11.94026271475562,105669.4,12697.9,31.0
Mexico,2006,11.99381112756715,107155.4,13865.1,31.6
Mexico,2007,12.07143344323404,108744.8,14353.2,31.8
Mexico,2008,12.15489132651571,110405.5,14980.2,31.8
Mexico,2009,12.2243912147507,112095.4,14595.5,30.4
Mexico,2010,12.261417603013747,113748.7,15301.2,30.4
Mexico,2011,12.26343047047954,115367.5,16567.2,30.7
Mexico,2012,12.24674621102767,116935.7,17212.6,31.1
Mexico,2013,12.22160181079736,118453.9,17428.6,30.9
Mexico,2014,12.20147889156679,119936.4,18119.8,31.0
Mexico,2015,12.19323341979232,121347.8,18378.5,31.1
Mexico,2016,12.22172548908353,122715.2,19421.0,31.2
Mexico,2017,12.25237774524687,124041.7,19838.2,31.2
Mexico,2018,12.25821759139892,125327.8,20234.5,31.4
Mexico,2019,12.26168158820932,126577.7,20019.1,31.2
Netherlands,1995,16.61822297571966,15459.0,23433.7,47.0
Netherlands,1996,16.61786394478987,15530.5,24508.8,47.8
Netherlands,1997,16.61026044393894,15610.7,26017.1,49.0
Netherlands,1998,16.599127143287628,15707.2,27709.0,49.8
Netherlands,1999,16.58353095452958,15812.1,29268.5,50.9
Netherlands,2000,16.57200025755918,15925.5,31870.8,51.5
Netherlands,2001,16.521858733407978,16046.2,33180.2,52.1
Netherlands,2002,16.41723043872203,16148.9,34447.2,52.2
Netherlands,2003,16.293861117994,16225.3,34149.6,51.6
Netherlands,2004,16.18889643661662,16281.8,35809.8,50.9
Netherlands,2005,16.12722945489156,16319.9,37625.6,51.1
Netherlands,2006,16.11762300723012,16346.1,41013.8,52.1
Netherlands,2007,16.1213793875093,16381.7,43939.1,53.5
Netherlands,2008,16.13455389229843,16445.6,46420.2,54.2
Netherlands,2009,16.153189311592207,16530.4,44556.9,53.5
Netherlands,2010,16.17526646473709,16615.4,45043.9,52.8
Netherlands,2011,16.24671111971113,16693.1,46599.0,53.0
Netherlands,2012,16.37752303063228,16755.0,47272.1,52.7
Netherlands,2013,16.52859861013658,16804.4,49241.5,52.0
Netherlands,2014,16.6496611461335,16865.0,49233.2,51.7
Netherlands,2015,16.699090733369477,16939.9,50288.6,52.0
Netherlands,2016,16.62360968556279,17030.3,52288.4,52.5
Netherlands,2017,16.5489720711956,17131.3,55088.6,53.5
Netherlands,2018,16.56212445416321,17231.6,57826.6,54.6
Netherlands,2019,16.59894376284065,17344.9,59004.3,55.3
New Zealand,2013,19.01867367680151,4442.1,36242.6,50.6
New Zealand,2014,19.0318174205142,4516.5,37293.4,51.6
New Zealand,2015,19.04048041248131,4609.4,37479.7,51.7
New Zealand,2016,19.0376846618182,4714.1,39933.6,53.4
New Zealand,2017,19.02648526172187,4813.6,42218.5,54.1
New Zealand,2018,19.03152525765636,4900.6,42520.8,54.3
New Zealand,2019,19.03663763196692,4979.2,45554.8,54.9
Norway,1990,16.10470027492191,4241.5,18451.2,48.3
Norway,1991,16.10985324673884,4261.7,19570.1,47.6
Norway,1992,16.11204891012144,4286.4,20612.2,47.2
Norway,1993,16.11138634720653,4312.0,21572.4,47.3
Norway,1994,16.10816593180634,4336.6,23015.5,47.7
Norway,1995,16.10481225032452,4359.2,24347.8,48.4
Norway,1996,16.062076962707682,4381.3,26818.3,49.2
Norway,1997,15.96775869056946,4405.2,28608.7,50.4
Norway,1998,15.85590228317686,4431.5,28186.4,51.5
Norway,1999,15.762360146834558,4461.9,30555.0,51.6
Norway,2000,15.7266137862217,4491.0,36936.5,51.5
Norway,2001,15.768928865516822,4513.8,37764.3,51.3
Norway,2002,15.8646644164437,4538.2,37980.4,51.1
Norway,2003,15.97824951204875,4564.9,38593.7,50.1
Norway,2004,16.07335745793376,4591.9,42549.9,49.9
Norway,2005,16.11412148435347,4623.3,47797.5,50.2
Norway,2006,16.09463857422362,4660.7,54160.5,51.4
Norway,2007,16.045120620804152,4709.2,55930.5,52.9
Norway,2008,15.98473007627298,4768.2,61716.6,53.9
Norway,2009,15.934041381970273,4828.7,55364.2,53.0
Norway,2010,15.9118090547161,4889.3,57919.7,52.2
Norway,2011,15.913823741453507,4953.1,62076.7,52.3
Norway,2012,15.921737444785489,5018.6,65354.8,52.6
Norway,2013,15.93573578311999,5079.6,66961.3,52.6
Norway,2014,15.95335936840658,5137.2,65892.7,52.6
Norway,2015,15.97259583528892,5188.6,60368.9,52.2
Norway,2016,16.03261017658429,5234.5,58939.9,51.9
Norway,2017,16.083554875436178,5277.0,64050.8,52.1
Norway,2018,16.05901958335621,5311.9,69808.3,52.6
Norway,2019,15.98195094563085,5347.9,66799.2,53.0
Poland,1995,10.76195446619706,38595.0,7681.2,38.3
Poland,1996,10.76796994269648,38624.4,8275.8,38.7
Poland,1997,10.76600233154881,38649.7,8936.6,39.3
Poland,1998,10.7604697502537,38663.5,9487.8,39.7
Poland,1999,10.75146765108279,38660.3,10040.9,38.4
Poland,2000,10.74127429952492,38258.6,10672.1,37.9
Poland,2001,10.71579566937447,38248.1,11119.7,37.1
Poland,2002,10.66795508789173,38230.4,11804.3,36.0
Poland,2003,10.61244411106466,38204.6,12288.5,35.6
Poland,2004,10.56306201778598,38182.2,13353.7,36.0
Poland,2005,10.53499326249093,38165.4,13896.8,36.8
Poland,2006,10.52647821853971,38141.3,15152.3,38.0
Poland,2007,10.5245710039917,38120.6,16802.8,39.8
Poland,2008,10.527538729774651,38125.8,18303.4,41.3
Poland,2009,10.52846312419177,38151.6,19239.9,41.4
Poland,2010,10.52444333350137,38042.8,21072.5,40.4
Poland,2011,10.51748924519936,38063.3,22827.7,40.6
Poland,2012,10.50817307314062,38063.2,23745.7,40.7
Poland,2013,10.50017571294149,38040.2,24567.5,40.7
Poland,2014,10.49031117001481,38011.7,25475.5,41.4
Poland,2015,10.4795700714983,37986.4,26862.1,42.0
Poland,2016,10.46987042389168,37970.1,28322.1,42.4
Poland,2017,10.46187299309251,37974.8,30064.5,43.0
Poland,2018,10.50271166174363,37974.8,31953.0,43.2
Poland,2019,10.60162367233335,37965.5,33797.8,43.2
Portugal,1995,18.60933402642812,10026.2,14399.0,45.2
Portugal,1996,18.65909673168837,10063.9,14917.6,45.8
Portugal,1997,18.78450014466413,10109.0,15788.7,46.7
Portugal,1998,18.932247953523028,10160.2,16687.0,47.8
Portugal,1999,19.05811908031901,10217.8,17718.1,48.3
Portugal,2000,19.11750516486955,10289.9,18876.6,49.0
Portugal,2001,19.08230409100337,10362.7,19524.9,49.5
Portugal,2002,18.99888378509359,10419.6,20356.6,49.4
Portugal,2003,18.89999306619726,10458.8,20851.1,48.8
Portugal,2004,18.8122877174469,10483.9,21477.8,48.3
Portugal,2005,18.773988754212,10503.3,22725.3,48.0
Portugal,2006,18.78960567767208,10522.3,24682.7,48.1
Portugal,2007,18.8156293364591,10543.0,25733.1,48.0
Portugal,2008,18.84770818561687,10558.2,26665.8,48.1
Portugal,2009,18.874463328218567,10568.2,26458.9,46.8
Portugal,2010,18.87206807733269,10573.1,27262.0,46.1
Portugal,2011,18.80015527007754,10557.6,26769.5,45.2
Portugal,2012,18.65842276126514,10514.8,26438.0,43.6
Portugal,2013,18.48672875770555,10457.3,27936.0,42.6
Portugal,2014,18.348049669318,10401.1,28742.4,43.4
Portugal,2015,18.28341670946011,10358.1,29660.9,44.2
Portugal,2016,18.36335289212731,10325.5,31607.8,45.0
Portugal,2017,18.46452406294501,10300.3,33044.7,46.6
Portugal,2018,18.4731976471389,10283.8,34928.5,47.8
Portugal,2019,18.45128785304269,10286.3,36172.1,48.1
Romania,1995,11.18271994721034,22684.3,5426.2,51.2
Romania,1996,11.1929740136102,22619.0,5743.9,49.7
Romania,1997,11.20820227553745,22554.0,5564.1,50.2
Romania,1998,11.22561121272146,22507.3,5544.4,48.8
Romania,1999,11.241665895238109,22472.0,5596.5,48.3
Romania,2000,11.2513895276564,22443.0,5848.1,48.0
Romania,2001,11.25343540912551,22132.0,6518.7,48.2
Romania,2002,11.25158975740152,21730.5,7162.3,44.1
Romania,2003,11.24105942201489,21574.3,7560.0,44.4
Romania,2004,11.23321580258589,21451.7,8990.3,42.8
Romania,2005,11.22144369497085,21319.7,9602.1,43.0
Romania,2006,11.20278491136892,21193.8,11556.6,44.1
Romania,2007,11.17619702105274,20883.0,13700.1,45.4
Romania,2008,11.14938821957768,20537.9,16782.3,45.6
Romania,2009,11.12994569875879,20367.5,16631.9,44.3
Romania,2010,11.11019874891853,20246.9,16976.3,43.1
Romania,2011,11.11314670145662,20147.5,17896.3,42.3
Romania,2012,11.12596931835453,20058.0,18869.6,43.1
Romania,2013,11.14321172127592,19983.7,19782.0,42.9
Romania,2014,11.15386390393844,19909.0,20657.7,43.4
Romania,2015,11.15419222959576,19815.6,21605.7,43.0
Romania,2016,11.13722933795985,19702.3,24271.5,42.8
Romania,2017,11.12238647806149,19588.7,27142.0,44.1
Romania,2018,11.11292607982357,19474.0,29342.2,44.4
Romania,2019,11.10257338806637,19371.6,31867.2,44.6
Russia,2017,11.36239304352523,146842.4,25926.4,48.9
Russia,2018,11.34798780320863,146830.6,28821.2,48.7
Russia,2019,11.32027708589342,146764.7,29967.1,48.4
Slovakia,1995,11.56868587736598,5362.0,8693.1,39.3
Slovakia,1996,11.57022007932402,5373.4,9404.9,40.0
Slovakia,1997,11.56707414459678,5383.3,10086.1,39.5
Slovakia,1998,11.56414313333784,5390.5,10622.9,39.3
Slovakia,1999,11.55001834176029,5396.0,10714.3,38.3
Slovakia,2000,11.5368892976436,5388.7,11376.5,37.6
Slovakia,2001,11.5254876998699,5378.9,12386.2,37.9
Slovakia,2002,11.51084965607277,5376.9,13312.4,37.9
Slovakia,2003,11.49406797691995,5373.4,14181.0,38.3
Slovakia,2004,11.4745791009246,5372.3,15226.3,38.3
Slovakia,2005,11.45502998762179,5372.8,16639.5,38.9
Slovakia,2006,11.42988558929114,5373.1,18914.0,39.7
Slovakia,2007,11.402074842770531,5374.6,21222.4,40.5
Slovakia,2008,11.37121989121965,5379.2,23725.9,41.8
Slovakia,2009,11.34526698846464,5386.4,23080.6,40.9
Slovakia,2010,11.32031260806291,5391.4,25302.2,40.2
Slovakia,2011,11.30642149542921,5398.4,26145.9,40.9
Slovakia,2012,11.29118109492914,5407.6,26888.3,40.9
Slovakia,2013,11.27718319785843,5413.4,27915.4,40.5
Slovakia,2014,11.26418204674251,5418.6,28929.5,41.0
Slovakia,2015,11.252758995518,5423.8,29964.9,41.8
Slovakia,2016,11.2376210186256,5430.8,29645.7,42.7
Slovakia,2017,11.22158441685783,5439.2,30061.6,43.6
Slovakia,2018,11.21083437685386,5446.8,31214.6,44.4
Slovakia,2019,11.20573391428391,5454.1,31966.6,44.8
Slovenia,1995,12.27784202676218,1989.9,13620.7,46.4
Slovenia,1996,12.27234351761278,1988.6,14304.0,45.5
Slovenia,1997,12.25189733619947,1986.0,15283.3,44.7
Slovenia,1998,12.222399170679129,1981.6,16056.3,44.7
Slovenia,1999,12.19026327422512,1983.0,17083.7,45.4
Slovenia,2000,12.159453136932967,1988.9,18001.1,46.0
Slovenia,2001,12.1281688659205,1992.1,18948.5,46.2
Slovenia,2002,12.09320522376202,1994.5,20241.9,46.9
Slovenia,2003,12.05998697100162,1995.7,21112.1,46.7
Slovenia,2004,12.01875608722092,1997.0,22760.8,46.8
Slovenia,2005,11.98330513254174,2000.5,23853.0,46.5
Slovenia,2006,11.940696595214453,2006.9,25720.4,47.1
Slovenia,2007,11.884222363404447,2018.1,27570.1,48.4
Slovenia,2008,11.82622318401744,2021.3,29604.3,49.5
Slovenia,2009,11.77447873002524,2039.7,27537.8,48.2
Slovenia,2010,11.73936209731745,2048.6,27826.9,47.0
Slovenia,2011,11.71794039778149,2052.8,28931.4,46.1
Slovenia,2012,11.69716476439685,2057.2,29042.8,45.6
Slovenia,2013,11.68068249029219,2060.0,29973.7,45.0
Slovenia,2014,11.67097105135351,2062.0,30870.0,45.2
Slovenia,2015,11.66455163920498,2063.5,31628.2,45.7
Slovenia,2016,11.65927835571533,2065.0,33936.0,46.5
Slovenia,2017,11.65511252979409,2066.4,36507.6,47.9
Slovenia,2018,11.645314553736313,2073.9,38961.5,49.2
Slovenia,2019,11.62601183415854,2088.4,40670.9,50.1
Spain,1995,17.21289873873165,39724.1,16279.1,34.9
Spain,1996,17.15766700864619,39889.9,16975.1,35.2
Spain,1997,17.06341770952108,40057.4,17912.8,36.4
Spain,1998,16.95183594867825,40223.5,19096.6,37.8
Spain,1999,16.86837441167062,40386.9,19954.3,39.4
Spain,2000,16.82822871311571,40567.9,21584.3,41.2
Spain,2001,16.8592907614034,40850.4,22949.2,42.2
Spain,2002,16.944959012779933,41431.6,24371.6,42.7
Spain,2003,17.069146657534322,42187.6,25046.1,43.2
Spain,2004,17.199413754487168,42921.9,26143.6,44.0
Spain,2005,17.31036692327345,43653.2,27606.9,45.1
Spain,2006,17.47409328335336,44397.3,30720.2,46.2
Spain,2007,17.72373568036529,45226.8,32469.5,46.8
Spain,2008,17.99906223394565,45954.1,33263.3,46.1
Spain,2009,18.23638401947312,46362.9,32092.4,42.8
Spain,2010,18.37506244575938,46576.9,31682.7,41.9
Spain,2011,18.45373898292745,46742.7,31868.0,40.7
Spain,2012,18.53432084217877,46773.1,31720.1,39.0
Spain,2013,18.60652873013576,46620.0,32434.0,38.2
Spain,2014,18.67334189898248,46480.9,33525.7,38.7
Spain,2015,18.71925695479332,46444.8,34903.1,39.8
Spain,2016,18.7640430693667,46484.1,37286.2,40.6
Spain,2017,18.80417382149434,46593.2,39528.9,41.6
Spain,2018,18.6590102025605,46797.8,40696.4,42.3
Spain,2019,18.31971830422646,47134.8,41695.1,43.2
Sweden,1993,15.397256148821588,8718.6,20757.4,47.0
Sweden,1994,15.41367338698024,8780.7,21877.8,46.3
Sweden,1995,15.425436750315727,8826.9,23094.1,46.8
Sweden,1996,15.42775697346046,8841.0,23927.5,46.3
Sweden,1997,15.423927969085142,8846.1,24805.8,45.7
Sweden,1998,15.423607819873968,8851.0,25887.8,46.5
Sweden,1999,15.42147601516058,8857.9,27471.6,47.4
Sweden,2000,15.42214016118882,8872.1,29618.3,48.5
Sweden,2001,15.425746644100547,8896.0,29927.6,49.4
Sweden,2002,15.435340953813707,8925.0,30926.5,49.2
Sweden,2003,15.44679436528423,8958.2,31814.9,48.8
Sweden,2004,15.45748073949166,8993.5,33858.6,48.2
Sweden,2005,15.46091946539514,9029.6,34244.5,48.1
Sweden,2006,15.455169706084687,9080.5,37730.2,48.7
Sweden,2007,15.43695760083641,9148.1,40905.1,49.5
Sweden,2008,15.41348839572203,9219.6,42158.3,49.4
Sweden,2009,15.393644867466891,9298.5,40279.5,48.0
Sweden,2010,15.38025313088451,9378.1,42223.9,47.9
Sweden,2011,15.37082199359951,9449.2,44608.6,48.6
Sweden,2012,15.36037836661684,9519.4,45432.4,48.6
Sweden,2013,15.34793207553117,9600.4,46312.4,48.7
Sweden,2014,15.33466998472259,9696.1,47184.7,48.9
Sweden,2015,15.329760230226391,9799.2,49103.1,49.1
Sweden,2016,15.325152722948602,9923.1,50430.3,49.3
Sweden,2017,15.31808237541315,10057.7,51948.0,49.9
Sweden,2018,15.31879823829502,10175.2,53521.6,50.1
Sweden,2019,15.33185883815538,10278.9,54598.8,49.9
Switzerland,1995,17.36314287121159,7040.7,30851.8,55.6
Switzerland,1996,17.34467752619864,7071.9,31534.1,55.2
Switzerland,1997,17.319658759829,7088.9,32771.1,55.0
Switzerland,1998,17.28713388796621,7110.0,33905.2,55.6
Switzerland,1999,17.25063574583126,7144.0,34818.0,55.8
Switzerland,2000,17.20445781569226,7184.3,36772.7,56.0
Switzerland,2001,17.09253242408741,7229.9,37896.7,56.6
Switzerland,2002,16.88923702582554,7284.8,38814.4,56.5
Switzerland,2003,16.662342749907218,7339.0,38840.9,55.9
Switzerland,2004,16.47518823860116,7389.6,40336.4,55.7
Switzerland,2005,16.40374906657593,7437.1,41749.3,55.7
Switzerland,2006,16.4956098243286,7483.9,46502.9,56.6
Switzerland,2007,16.70010317259012,7551.1,51208.1,57.5
Switzerland,2008,16.94437035489394,7647.7,54096.8,58.2
Switzerland,2009,17.14313943254432,7743.8,53354.0,57.7
Switzerland,2010,17.22741952325488,7824.9,54858.4,57.3
Switzerland,2011,17.22371457070638,7912.4,57987.5,58.1
Switzerland,2012,17.21103512361129,7996.9,59933.6,58.5
Switzerland,2013,17.191945067578278,8089.3,62225.1,58.5
Switzerland,2014,17.177213542692222,8188.6,64103.0,58.9
Switzerland,2015,17.170016147513408,8282.4,66020.2,59.2
Switzerland,2016,17.17556664139138,8373.3,68105.2,59.3
Switzerland,2017,17.17619298774976,8451.8,69103.6,59.3
Switzerland,2018,17.14053382962404,8514.3,71660.2,59.5
Switzerland,2019,17.07454683578732,8575.3,72033.9,59.5
Turkey,2008,14.80850073759393,71051.7,16038.3,29.8
Turkey,2009,14.7487386717332,72039.2,15442.6,29.5
Turkey,2010,14.70496198474758,73142.2,17346.7,30.9
Turkey,2011,14.68197458588652,74223.6,19591.0,32.5
Turkey,2012,14.662471608888689,75175.8,20627.5,33.0
Turkey,2013,14.64492554420743,76147.6,22373.2,33.5
Turkey,2014,14.62244356077476,77181.9,24105.0,33.6
Turkey,2015,14.59939565176639,78218.5,25855.8,34.0
Turkey,2016,14.53286965630531,79278.0,26695.9,34.3
Turkey,2017,14.46346780037963,80312.7,28193.2,35.1
Turkey,2018,14.42569354909114,81407.2,28281.4,35.3
Turkey,2019,14.39793113493725,82579.4,27144.1,34.0
United Kingdom,1995,14.906695481866288,58024.8,20615.4,44.5
United Kingdom,1996,14.90320576992252,58164.4,21969.9,44.8
United Kingdom,1997,14.90185909247142,58314.2,23050.7,45.5
United Kingdom,1998,14.90129778436019,58474.9,23688.5,45.8
United Kingdom,1999,14.89842362711514,58684.4,24462.7,46.3
United Kingdom,2000,14.89019815539482,58886.1,26475.1,46.7
United Kingdom,2001,14.862527093295189,59113.0,27810.3,46.9
United Kingdom,2002,14.81201794311211,59365.7,29064.5,47.1
United Kingdom,2003,14.75412054682417,59636.7,30360.8,47.3
United Kingdom,2004,14.70431884682103,59950.4,32078.5,47.6
United Kingdom,2005,14.678487461124831,60413.3,32740.8,47.8
United Kingdom,2006,14.6988103599247,60827.1,34856.9,47.9
United Kingdom,2007,14.76274267149452,61319.1,35697.3,47.9
United Kingdom,2008,14.84635611318234,61823.8,36853.6,47.9
United Kingdom,2009,14.923651554547678,62260.5,35221.3,46.8
United Kingdom,2010,14.971830498735187,62759.5,36580.6,46.6
United Kingdom,2011,15.02006760194566,63285.1,37363.7,46.4
United Kingdom,2012,15.10066089950318,63705.0,38511.1,46.6
United Kingdom,2013,15.18797337902075,64105.7,40232.9,46.9
United Kingdom,2014,15.25770056705488,64596.8,41584.2,47.6
United Kingdom,2015,15.28504829823836,65110.0,42917.0,48.0
United Kingdom,2016,15.21976681423001,65648.1,44610.5,48.4
United Kingdom,2017,15.15391105657848,66040.2,46385.5,48.5
United Kingdom,2018,15.14306895474774,66435.6,47591.2,48.8
United Kingdom,2019,15.13074861426654,66796.8,49070.5,49.1
United States,2000,17.9974480204406,282162.4,36330.0,49.3
United States,2001,17.97099952293766,284969.0,37133.6,48.9
United States,2002,17.8759296407604,287625.2,37997.8,48.3
United States,2003,17.74449809916644,290107.9,39490.3,48.3
United States,2004,17.61463913990945,292805.3,41724.6,48.3
United States,2005,17.51946556742244,295516.6,44123.4,48.7
United States,2006,17.4720726363958,298379.9,46302.0,49.2
United States,2007,17.44979506443734,301231.2,48050.2,49.2
United States,2008,17.43472700686322,304094.0,48570.0,48.6
United States,2009,17.40763277284005,306771.5,47194.9,46.3
United States,2010,17.35181157372901,309327.1,48650.6,45.7
United States,2011,17.21665055507457,311583.5,50066.0,45.6
United States,2012,17.000684307177067,313877.7,51784.4,46.1
United States,2013,16.76685506915573,316059.9,53291.1,46.3
United States,2014,16.57242370046124,318386.3,55123.8,46.6
United States,2015,16.47479615201463,320739.0,56762.7,47.1
United States,2016,16.47489358363504,323071.8,57866.7,47.5
United States,2017,16.492135266000272,325122.1,59914.8,47.8
United States,2018,16.63068063032096,326838.2,62805.3,48.3
United States,2019,16.93462088013887,328330.0,65094.8,48.6
